id,first_name,last_name,email,gender,ip_address
1,Benedick,Beardow,bbeardow0@wired.com,Male,7.241.44.42
2,Dexter,Mansel,dmansel1@usatoday.com,Male,65.46.176.227
3,Clarice,Corradini,ccorradini2@studiopress.com,Polygender,174.241.151.183
4,Chantalle,Derdes,cderdes3@harvard.edu,Female,94.85.247.9
5,Blair,Hearn,bhearn4@51.la,Male,51.56.199.38
6,Yetta,Spilisy,yspilisy5@economist.com,Female,250.227.157.131
7,Letti,Praton,lpraton6@netlog.com,Female,211.53.165.197
8,Gauthier,Moxham,gmoxham7@feedburner.com,Male,165.249.30.225
9,Baxter,Kauscher,bkauscher8@intel.com,Male,149.202.245.170
10,Rick,MacLeese,rmacleese9@godaddy.com,Male,237.112.114.0
11,Hastie,Towriss,htowrissa@de.vu,Male,148.65.69.229
12,Karlene,Rolfs,krolfsb@hexun.com,Non-binary,146.133.186.69
13,Lanny,Warcop,lwarcopc@dedecms.com,Male,167.127.251.127
14,Dimitry,Janas,djanasd@intel.com,Male,133.171.108.74
15,Katie,Scyner,kscynere@geocities.com,Bigender,156.219.159.235
16,Sigvard,Greder,sgrederf@fda.gov,Male,8.88.27.178
17,Byron,Osburn,bosburng@imgur.com,Male,222.127.144.56
18,Zebulen,Caskey,zcaskeyh@omniture.com,Male,144.236.2.126
19,Bailey,Ledgister,bledgisteri@home.pl,Male,124.236.28.239
20,Emelda,Laurenty,elaurentyj@google.fr,Female,5.22.53.183